address,label
TY8pBtRHD7eNQDMVMyXCfHFjrcv5Ddw6ug,1
TQ3xHBqdC2XtcMUtLwpjcbPWHq46cMM6KS,1
TVRmm8TnZAgRyeSsKo4XzmZjWB8DmfkEDK,1
TFUu4o86sq7WusVPCgjVTf6RUF77DZfk8q,1
TCWKGPJb43jYJchYC3S4WvdRFNYCF7KEMg,1
TF2P2wQziTBchXLJ4wCKyqGn3x8nTvXd5D,1
TQBfLfaHqz73qypDD8hGPjzKVUvTV2e8AV,1
TVU1AVVeedsusm9rrrCuavDFnRc5BSxV6i,1
TNCY2APrWbnBCvDG45UUWqXUVENQzbZ8w1,1
TN3W4H6rK2ce4vX9YnFQHwKENnHjoxb3m9,0
TPzGRM9DPnBbcPHjC5Ws8y1qrBKN9dh7Mj,0
TYukBQZ2XXCcRCReAUguyXncCWNY9CEiDQ,0
TDqSquXBgUCLYvYC4XZgrprLK589dkhSCf,0
TMn5WeW8a8KH9o8rBQux4RCgckD2SuMZmS,0
TKzxdSv2FZKQrEqkKVgp5DcwEXBEKMg2ax,0
TAzsQ9Gx8eqFNFSKbeXrbi45CuVPHzA8wr,0
TGzz8gjYiYRqpfmDwnLxfgPuLVNmpCswVp,0
TSSMHYeV2uE9qYH95DqyoCuNCzEL1NvU3S,0